ID Value Bucket,Value Bucket,ID Year,Year,Property Value by Bucket,Property Value by Bucket Moe,Geography,ID Geography,Slug Geography,share
0,"Less Than $10,000",2021,"2021",1045047,8871,"United States","01000US","united-states",0.013038288512271054
1,"$10,000 to $14,999",2021,"2021",533830,6098,"United States","01000US","united-states",0.0066602072026479735
2,"$15,000 to $19,999",2021,"2021",476859,5785,"United States","01000US","united-states",0.005949421625700148
3,"$20,000 to $24,999",2021,"2021",512481,6036,"United States","01000US","united-states",0.006393851314875965
4,"$25,000 to $29,999",2021,"2021",468889,5484,"United States","01000US","united-states",0.005849985753971125
5,"$30,000 to $34,999",2021,"2021",549446,6107,"United States","01000US","united-states",0.00685503663463297
6,"$35,000 to $39,999",2021,"2021",400870,4927,"United States","01000US","united-states",0.0050013623463003075
7,"$40,000 to $49,999",2021,"2021",1021769,9220,"United States","01000US","united-states",0.012747865899710427
8,"$50,000 to $59,999",2021,"2021",1253441,9767,"United States","01000US","united-states",0.01563826831818047
9,"$60,000 to $69,999",2021,"2021",1442791,9644,"United States","01000US","united-states",0.01800065003861842
10,"$70,000 to $79,999",2021,"2021",1653143,12277,"United States","01000US","united-states",0.020625058381145832
11,"$80,000 to $89,999",2021,"2021",1947871,13999.999999999998,"United States","01000US","united-states",0.024302164479383156
12,"$90,000 to $99,999",2021,"2021",1648381,13752,"United States","01000US","united-states",0.02056564638350799
13,"$100,000 to $124,999",2021,"2021",4666412,24652,"United States","01000US","united-states",0.058219415943133464
14,"$125,000 to $149,999",2021,"2021",4363124,28053,"United States","01000US","united-states",0.05443551297387977
15,"$150,000 to $174,999",2021,"2021",5902782,31519.999999999996,"United States","01000US","united-states",0.07364470185651015
16,"$175,000 to $199,999",2021,"2021",4481505,27119,"United States","01000US","united-states",0.05591246629021019
17,"$200,000 to $249,999",2021,"2021",8592193,45046,"United States","01000US","united-states",0.10719851957578536
18,"$250,000 to $299,999",2021,"2021",7490330,39115,"United States","01000US","united-states",0.09345137930841316
19,"$300,000 to $399,999",2021,"2021",10898378,49891,"United States","01000US","united-states",0.13597110625626177
20,"$400,000 to $499,999",2021,"2021",6615893,32080,"United States","01000US","united-states",0.08254166721718208
21,"$500,000 to $749,999",2021,"2021",7797250,34847,"United States","01000US","united-states",0.09728059609022893
22,"$750,000 to $999,999",2021,"2021",3132568,17443,"United States","01000US","united-states",0.03908276409415836
23,"$1,000,000 to $1,499,999",2021,"2021",1757370,11141,"United States","01000US","united-states",0.021925422572199895
24,"$1,500,000 to $1,999,999",2021,"2021",641616,5895,"United States","01000US","united-states",0.008004974438555686
25,"$2,000,000 or More",2021,"2021",857922,7013,"United States","01000US","united-states",0.010703666492535367
0,"Less Than $10,000",2021,"2021",1161,236,"San Francisco, CA","16000US0667000","san-francisco-ca",0.008410118219749652
1,"$10,000 to $14,999",2021,"2021",175,99,"San Francisco, CA","16000US0667000","san-francisco-ca",0.0012676750115901715
2,"$15,000 to $19,999",2021,"2021",54,65,"San Francisco, CA","16000US0667000","san-francisco-ca",0.0003911682892906815
3,"$20,000 to $24,999",2021,"2021",28,39,"San Francisco, CA","16000US0667000","san-francisco-ca",0.00020282800185442745
4,"$25,000 to $29,999",2021,"2021",82,90,"San Francisco, CA","16000US0667000","san-francisco-ca",0.000593996291145109
5,"$30,000 to $34,999",2021,"2021",0,31,"San Francisco, CA","16000US0667000","san-francisco-ca",0
6,"$35,000 to $39,999",2021,"2021",29,28.999999999999996,"San Francisco, CA","16000US0667000","san-francisco-ca",0.00021007185906351413
7,"$40,000 to $49,999",2021,"2021",49,41,"San Francisco, CA","16000US0667000","san-francisco-ca",0.000354949003245248
8,"$50,000 to $59,999",2021,"2021",91,68,"San Francisco, CA","16000US0667000","san-francisco-ca",0.0006591910060268892
9,"$60,000 to $69,999",2021,"2021",13,13,"San Francisco, CA","16000US0667000","san-francisco-ca",0.00009417014371812703
10,"$70,000 to $79,999",2021,"2021",158,181,"San Francisco, CA","16000US0667000","san-francisco-ca",0.0011445294390356978
11,"$80,000 to $89,999",2021,"2021",60,57.00000000000001,"San Francisco, CA","16000US0667000","san-francisco-ca",0.0004346314325452017
12,"$90,000 to $99,999",2021,"2021",104,53,"San Francisco, CA","16000US0667000","san-francisco-ca",0.0007533611497450162
13,"$100,000 to $124,999",2021,"2021",644,179,"San Francisco, CA","16000US0667000","san-francisco-ca",0.004665044042651831
14,"$125,000 to $149,999",2021,"2021",153,82,"San Francisco, CA","16000US0667000","san-francisco-ca",0.0011083101529902643
15,"$150,000 to $174,999",2021,"2021",265,106,"San Francisco, CA","16000US0667000","san-francisco-ca",0.001919622160407974
16,"$175,000 to $199,999",2021,"2021",65,42,"San Francisco, CA","16000US0667000","san-francisco-ca",0.00047085071859063516
17,"$200,000 to $249,999",2021,"2021",633,227.00000000000003,"San Francisco, CA","16000US0667000","san-francisco-ca",0.004585361613351878
18,"$250,000 to $299,999",2021,"2021",764,354,"San Francisco, CA","16000US0667000","san-francisco-ca",0.005534306907742235
19,"$300,000 to $399,999",2021,"2021",2573,463.99999999999994,"San Francisco, CA","16000US0667000","san-francisco-ca",0.018638444598980064
20,"$400,000 to $499,999",2021,"2021",2223,432.99999999999994,"San Francisco, CA","16000US0667000","san-francisco-ca",0.016103094575799722
21,"$500,000 to $749,999",2021,"2021",11761,843,"San Francisco, CA","16000US0667000","san-francisco-ca",0.08519500463606862
22,"$750,000 to $999,999",2021,"2021",24282,1261,"San Francisco, CA","16000US0667000","san-francisco-ca",0.17589534075104313
23,"$1,000,000 to $1,499,999",2021,"2021",43339,1553,"San Francisco, CA","16000US0667000","san-francisco-ca",0.31394152758460825
24,"$1,500,000 to $1,999,999",2021,"2021",24716,1273,"San Francisco, CA","16000US0667000","san-francisco-ca",0.17903917477978673
25,"$2,000,000 or More",2021,"2021",24626,1218,"San Francisco, CA","16000US0667000","san-francisco-ca",0.17838722763096893
0,"Less Than $10,000",2020,"2020",1031883,8097,"United States","01000US","united-states",0.013094733269632246
1,"$10,000 to $14,999",2020,"2020",544313,7029.999999999999,"United States","01000US","united-states",0.006907404764099551
2,"$15,000 to $19,999",2020,"2020",488049,6423,"United States","01000US","united-states",0.006193407079592113
3,"$20,000 to $24,999",2020,"2020",524602,5422,"United States","01000US","united-states",0.006657269538034463
4,"$25,000 to $29,999",2020,"2020",483311,5903,"United States","01000US","united-states",0.006133281225952196
5,"$30,000 to $34,999",2020,"2020",576666,6702,"United States","01000US","united-states",0.00731796866085181
6,"$35,000 to $39,999",2020,"2020",426388,6370,"United States","01000US","united-states",0.005410920743312908
7,"$40,000 to $49,999",2020,"2020",1097262,8972,"United States","01000US","united-states",0.013924401523140915
8,"$50,000 to $59,999",2020,"2020",1364028,10293,"United States","01000US","united-states",0.017309697739288206
9,"$60,000 to $69,999",2020,"2020",1581124,13137,"United States","01000US","united-states",0.020064675012781502
10,"$70,000 to $79,999",2020,"2020",1809271,15535.000000000002,"United States","01000US","united-states",0.022959890954188412
11,"$80,000 to $89,999",2020,"2020",2134595,15347,"United States","01000US","united-states",0.027088296021632922
12,"$90,000 to $99,999",2020,"2020",1809410,14988,"United States","01000US","united-states",0.022961654882777682
13,"$100,000 to $124,999",2020,"2020",5007346,28159.999999999996,"United States","01000US","united-states",0.06354389040110163
14,"$125,000 to $149,999",2020,"2020",4722731,27091.000000000004,"United States","01000US","united-states",0.05993208798790518
15,"$150,000 to $174,999",2020,"2020",6147474,32335.000000000004,"United States","01000US","united-states",0.07801226719695858
16,"$175,000 to $199,999",2020,"2020",4579828,27350.000000000004,"United States","01000US","united-states",0.058118629806667335
17,"$200,000 to $249,999",2020,"2020",8500978,44969,"United States","01000US","united-states",0.1078785477045477
18,"$250,000 to $299,999",2020,"2020",7229480,37339,"United States","01000US","united-states",0.09174306803982712
19,"$300,000 to $399,999",2020,"2020",10176033,43678,"United States","01000US","united-states",0.1291352196692606
20,"$400,000 to $499,999",2020,"2020",5997303,30722.999999999996,"United States","01000US","united-states",0.07610657712372941
21,"$500,000 to $749,999",2020,"2020",6925193,31817.000000000004,"United States","01000US","united-states",0.08788162531578128
22,"$750,000 to $999,999",2020,"2020",2757469,15897,"United States","01000US","united-states",0.034992650382145614
23,"$1,000,000 to $1,499,999",2020,"2020",1551648,10201,"United States","01000US","united-states",0.019690620630786956
24,"$1,500,000 to $1,999,999",2020,"2020",565285,5601,"United States","01000US","united-states",0.007173542248805401
25,"$2,000,000 or More",2020,"2020",769706,6252,"United States","01000US","united-states",0.009767672077198246
0,"Less Than $10,000",2020,"2020",936,218,"San Francisco, CA","16000US0667000","san-francisco-ca",0.006798422417362125
1,"$10,000 to $14,999",2020,"2020",144,95,"San Francisco, CA","16000US0667000","san-francisco-ca",0.0010459111411326345
2,"$15,000 to $19,999",2020,"2020",89,101,"San Francisco, CA","16000US0667000","san-francisco-ca",0.0006464311913944755
3,"$20,000 to $24,999",2020,"2020",47,48,"San Francisco, CA","16000US0667000","san-francisco-ca",0.00034137377523079044
4,"$25,000 to $29,999",2020,"2020",75,81,"San Francisco, CA","16000US0667000","san-francisco-ca",0.0005447453860065806
5,"$30,000 to $34,999",2020,"2020",0,31,"San Francisco, CA","16000US0667000","san-francisco-ca",0
6,"$35,000 to $39,999",2020,"2020",58,56,"San Francisco, CA","16000US0667000","san-francisco-ca",0.00042126976517842225
7,"$40,000 to $49,999",2020,"2020",41,39,"San Francisco, CA","16000US0667000","san-francisco-ca",0.00029779414435026404
8,"$50,000 to $59,999",2020,"2020",101,71,"San Francisco, CA","16000US0667000","san-francisco-ca",0.0007335904531555284
9,"$60,000 to $69,999",2020,"2020",34,28,"San Francisco, CA","16000US0667000","san-francisco-ca",0.0002469512416563165
10,"$70,000 to $79,999",2020,"2020",201,196,"San Francisco, CA","16000US0667000","san-francisco-ca",0.0014599176344976359
11,"$80,000 to $89,999",2020,"2020",100,64,"San Francisco, CA","16000US0667000","san-francisco-ca",0.0007263271813421074
12,"$90,000 to $99,999",2020,"2020",92,50,"San Francisco, CA","16000US0667000","san-francisco-ca",0.0006682210068347388
13,"$100,000 to $124,999",2020,"2020",582,186,"San Francisco, CA","16000US0667000","san-francisco-ca",0.004227224195411065
14,"$125,000 to $149,999",2020,"2020",112,65,"San Francisco, CA","16000US0667000","san-francisco-ca",0.0008134864431031603
15,"$150,000 to $174,999",2020,"2020",208,82,"San Francisco, CA","16000US0667000","san-francisco-ca",0.0015107605371915834
16,"$175,000 to $199,999",2020,"2020",50,38,"San Francisco, CA","16000US0667000","san-francisco-ca",0.0003631635906710537
17,"$200,000 to $249,999",2020,"2020",602,177,"San Francisco, CA","16000US0667000","san-francisco-ca",0.004372489631679487
18,"$250,000 to $299,999",2020,"2020",877,299,"San Francisco, CA","16000US0667000","san-francisco-ca",0.006369889380370281
19,"$300,000 to $399,999",2020,"2020",2480,434.99999999999994,"San Francisco, CA","16000US0667000","san-francisco-ca",0.018012914097284262
20,"$400,000 to $499,999",2020,"2020",2352,387,"San Francisco, CA","16000US0667000","san-francisco-ca",0.017083215305166367
21,"$500,000 to $749,999",2020,"2020",14590,978,"San Francisco, CA","16000US0667000","san-francisco-ca",0.10597113575781346
22,"$750,000 to $999,999",2020,"2020",26695,1134,"San Francisco, CA","16000US0667000","san-francisco-ca",0.19389304105927557
23,"$1,000,000 to $1,499,999",2020,"2020",42254,1527,"San Francisco, CA","16000US0667000","san-francisco-ca",0.306902287204294
24,"$1,500,000 to $1,999,999",2020,"2020",22023,1368,"San Francisco, CA","16000US0667000","san-francisco-ca",0.1599590351469723
25,"$2,000,000 or More",2020,"2020",22936,1049,"San Francisco, CA","16000US0667000","san-francisco-ca",0.16659040231262576
0,"Less Than $10,000",2019,"2019",1028776,9530,"United States","01000US","united-states",0.013313286844704715
1,"$10,000 to $14,999",2019,"2019",555266,5017,"United States","01000US","united-states",0.007185641512935575
2,"$15,000 to $19,999",2019,"2019",493678,5343,"United States","01000US","united-states",0.006388637393290798
3,"$20,000 to $24,999",2019,"2019",541349,4923,"United States","01000US","united-states",0.007005543014314149
4,"$25,000 to $29,999",2019,"2019",496197,4677,"United States","01000US","united-states",0.006421235519181966
5,"$30,000 to $34,999",2019,"2019",605943,6051,"United States","01000US","united-states",0.007841447477916387
6,"$35,000 to $39,999",2019,"2019",448984,4741,"United States","01000US","united-states",0.005810256830138827
7,"$40,000 to $49,999",2019,"2019",1165696,8891,"United States","01000US","united-states",0.015085154806998713
8,"$50,000 to $59,999",2019,"2019",1451180,9994,"United States","01000US","united-states",0.018779574565598915
9,"$60,000 to $69,999",2019,"2019",1685990,12236,"United States","01000US","united-states",0.021818227181916863
10,"$70,000 to $79,999",2019,"2019",1937078,12774,"United States","01000US","united-states",0.025067531760623228
11,"$80,000 to $89,999",2019,"2019",2288047,14353.999999999998,"United States","01000US","united-states",0.029609386324298086
12,"$90,000 to $99,999",2019,"2019",1946546,16357.999999999998,"United States","01000US","united-states",0.025190056197279664
13,"$100,000 to $124,999",2019,"2019",5290207,30066,"United States","01000US","united-states",0.06846003722760328
14,"$125,000 to $149,999",2019,"2019",4952877,28839,"United States","01000US","united-states",0.06409468359248326
15,"$150,000 to $174,999",2019,"2019",6272151,35728,"United States","01000US","united-states",0.08116727586598202
16,"$175,000 to $199,999",2019,"2019",4582862,28110.999999999996,"United States","01000US","united-states",0.059306356656548306
17,"$200,000 to $249,999",2019,"2019",8274180,42220,"United States","01000US","united-states",0.10707533199133618
18,"$250,000 to $299,999",2019,"2019",6877112,39470,"United States","01000US","united-states",0.08899601538056966
19,"$300,000 to $399,999",2019,"2019",9450290,49313,"United States","01000US","united-states",0.12229525332593735
20,"$400,000 to $499,999",2019,"2019",5498064,30508,"United States","01000US","united-states",0.0711498937791556
21,"$500,000 to $749,999",2019,"2019",6314185,31143,"United States","01000US","united-states",0.08171123363641049
22,"$750,000 to $999,999",2019,"2019",2506929,14816,"United States","01000US","united-states",0.03244191629305966
23,"$1,000,000 to $1,499,999",2019,"2019",1400103,8041,"United States","01000US","united-states",0.018118592240810055
24,"$1,500,000 to $1,999,999",2019,"2019",508010,4499,"United States","01000US","united-states",0.006574106365213071
25,"$2,000,000 or More",2019,"2019",702681,5363,"United States","01000US","united-states",0.009093324215693168
0,"Less Than $10,000",2019,"2019",1162,234.00000000000003,"San Francisco, CA","16000US0667000","san-francisco-ca",0.008529128957200214
1,"$10,000 to $14,999",2019,"2019",79,56,"San Francisco, CA","16000US0667000","san-francisco-ca",0.0005798633284155051
2,"$15,000 to $19,999",2019,"2019",49,62,"San Francisco, CA","16000US0667000","san-francisco-ca",0.00035966206446025
3,"$20,000 to $24,999",2019,"2019",25,23,"San Francisco, CA","16000US0667000","san-francisco-ca",0.0001835010532960459
4,"$25,000 to $29,999",2019,"2019",59,76,"San Francisco, CA","16000US0667000","san-francisco-ca",0.0004330624857786684
5,"$30,000 to $34,999",2019,"2019",10,17,"San Francisco, CA","16000US0667000","san-francisco-ca",0.00007340042131841837
6,"$35,000 to $39,999",2019,"2019",52,36,"San Francisco, CA","16000US0667000","san-francisco-ca",0.0003816821908557755
7,"$40,000 to $49,999",2019,"2019",74,43,"San Francisco, CA","16000US0667000","san-francisco-ca",0.000543163117756296
8,"$50,000 to $59,999",2019,"2019",91,54.99999999999999,"San Francisco, CA","16000US0667000","san-francisco-ca",0.0006679438339976071
9,"$60,000 to $69,999",2019,"2019",67,43,"San Francisco, CA","16000US0667000","san-francisco-ca",0.000491782822833403
10,"$70,000 to $79,999",2019,"2019",186,88,"San Francisco, CA","16000US0667000","san-francisco-ca",0.0013652478365225817
11,"$80,000 to $89,999",2019,"2019",148,70,"San Francisco, CA","16000US0667000","san-francisco-ca",0.001086326235512592
12,"$90,000 to $99,999",2019,"2019",167,70,"San Francisco, CA","16000US0667000","san-francisco-ca",0.0012257870360175868
13,"$100,000 to $124,999",2019,"2019",462,112,"San Francisco, CA","16000US0667000","san-francisco-ca",0.0033910994649109286
14,"$125,000 to $149,999",2019,"2019",59,37,"San Francisco, CA","16000US0667000","san-francisco-ca",0.0004330624857786684
15,"$150,000 to $174,999",2019,"2019",307,109.99999999999999,"San Francisco, CA","16000US0667000","san-francisco-ca",0.002253392934475444
16,"$175,000 to $199,999",2019,"2019",104,62,"San Francisco, CA","16000US0667000","san-francisco-ca",0.000763364381711551
17,"$200,000 to $249,999",2019,"2019",760,211,"San Francisco, CA","16000US0667000","san-francisco-ca",0.005578432020199796
18,"$250,000 to $299,999",2019,"2019",811,189,"San Francisco, CA","16000US0667000","san-francisco-ca",0.005952774168923729
19,"$300,000 to $399,999",2019,"2019",2460,408,"San Francisco, CA","16000US0667000","san-francisco-ca",0.01805650364433092
20,"$400,000 to $499,999",2019,"2019",2835,391,"San Francisco, CA","16000US0667000","san-francisco-ca",0.020809019443771608
21,"$500,000 to $749,999",2019,"2019",18587,752,"San Francisco, CA","16000US0667000","san-francisco-ca",0.13642936310454423
22,"$750,000 to $999,999",2019,"2019",28925,1046,"San Francisco, CA","16000US0667000","san-francisco-ca",0.21231071866352513
23,"$1,000,000 to $1,499,999",2019,"2019",37928,1168,"San Francisco, CA","16000US0667000","san-francisco-ca",0.2783931179764972
24,"$1,500,000 to $1,999,999",2019,"2019",19388,794,"San Francisco, CA","16000US0667000","san-francisco-ca",0.14230873685214954
25,"$2,000,000 or More",2019,"2019",21444,839,"San Francisco, CA","16000US0667000","san-francisco-ca",0.15739986347521634
0,"Less Than $10,000",2018,"2018",1258863,12461,"United States","01000US","united-states",0.01646760584531507
1,"$10,000 to $14,999",2018,"2018",596848,5635,"United States","01000US","united-states",0.007807567315557459
2,"$15,000 to $19,999",2018,"2018",527481,5691,"United States","01000US","united-states",0.006900154503621633
3,"$20,000 to $24,999",2018,"2018",568572,5333,"United States","01000US","united-states",0.007437679549468433
4,"$25,000 to $29,999",2018,"2018",522549,5396,"United States","01000US","united-states",0.006835637370280598
5,"$30,000 to $34,999",2018,"2018",641527,6041,"United States","01000US","united-states",0.00839202818346988
6,"$35,000 to $39,999",2018,"2018",478620,4355,"United States","01000US","united-states",0.006260987501963835
7,"$40,000 to $49,999",2018,"2018",1242034,8707,"United States","01000US","united-states",0.016247460095721346
8,"$50,000 to $59,999",2018,"2018",1544961,10127,"United States","01000US","united-states",0.020210148995072393
9,"$60,000 to $69,999",2018,"2018",1796514,12686,"United States","01000US","united-states",0.0235007975034538
10,"$70,000 to $79,999",2018,"2018",2058463,13531.999999999998,"United States","01000US","united-states",0.02692743954756379
11,"$80,000 to $89,999",2018,"2018",2433919,14986.999999999998,"United States","01000US","united-states",0.03183890443314595
12,"$90,000 to $99,999",2018,"2018",2091716,16347.999999999998,"United States","01000US","united-states",0.02736243310696959
13,"$100,000 to $124,999",2018,"2018",5546278,28876.999999999996,"United States","01000US","united-states",0.07255270828719439
14,"$125,000 to $149,999",2018,"2018",5155384,31240.999999999996,"United States","01000US","united-states",0.06743929378593524
15,"$150,000 to $174,999",2018,"2018",6388594,37101,"United States","01000US","united-states",0.08357132420108049
16,"$175,000 to $199,999",2018,"2018",4577979,27570.999999999996,"United States","01000US","united-states",0.059886066823895565
17,"$200,000 to $249,999",2018,"2018",8070035,41520,"United States","01000US","united-states",0.1055668134959064
18,"$250,000 to $299,999",2018,"2018",6570089,36203,"United States","01000US","united-states",0.08594552069656528
19,"$300,000 to $399,999",2018,"2018",8880612,47996,"United States","01000US","united-states",0.11617024098823714
20,"$400,000 to $499,999",2018,"2018",5088888,26182,"United States","01000US","united-states",0.06656943748045158
21,"$500,000 to $749,999",2018,"2018",5786379,27850.999999999996,"United States","01000US","united-states",0.07569354937241651
22,"$750,000 to $999,999",2018,"2018",2275524,12641,"United States","01000US","united-states",0.029766886725207376
23,"$1,000,000 to $1,499,999",2018,"2018",1253950,7742,"United States","01000US","united-states",0.01640333725729713
24,"$1,500,000 to $1,999,999",2018,"2018",452783,4394,"United States","01000US","united-states",0.005923005106559883
25,"$2,000,000 or More",2018,"2018",636248,5636,"United States","01000US","united-states",0.008322971827649255
0,"Less Than $10,000",2018,"2018",1319,201,"San Francisco, CA","16000US0667000","san-francisco-ca",0.009750508223988172
1,"$10,000 to $14,999",2018,"2018",98,56,"San Francisco, CA","16000US0667000","san-francisco-ca",0.0007244501940491591
2,"$15,000 to $19,999",2018,"2018",54,60.00000000000001,"San Francisco, CA","16000US0667000","san-francisco-ca",0.0003991868416189244
3,"$20,000 to $24,999",2018,"2018",18,21,"San Francisco, CA","16000US0667000","san-francisco-ca",0.00013306228053964147
4,"$25,000 to $29,999",2018,"2018",49,79,"San Francisco, CA","16000US0667000","san-francisco-ca",0.00036222509702457954
5,"$30,000 to $34,999",2018,"2018",34,30.000000000000004,"San Francisco, CA","16000US0667000","san-francisco-ca",0.000251339863241545
6,"$35,000 to $39,999",2018,"2018",58,40,"San Francisco, CA","16000US0667000","san-francisco-ca",0.0004287562372944003
7,"$40,000 to $49,999",2018,"2018",75,52,"San Francisco, CA","16000US0667000","san-francisco-ca",0.0005544261689151728
8,"$50,000 to $59,999",2018,"2018",129,70,"San Francisco, CA","16000US0667000","san-francisco-ca",0.0009536130105340972
9,"$60,000 to $69,999",2018,"2018",57,39,"San Francisco, CA","16000US0667000","san-francisco-ca",0.0004213638883755313
10,"$70,000 to $79,999",2018,"2018",194,89,"San Francisco, CA","16000US0667000","san-francisco-ca",0.0014341156902605804
11,"$80,000 to $89,999",2018,"2018",188,85,"San Francisco, CA","16000US0667000","san-francisco-ca",0.0013897615967473666
12,"$90,000 to $99,999",2018,"2018",145,57.00000000000001,"San Francisco, CA","16000US0667000","san-francisco-ca",0.0010718905932360007
13,"$100,000 to $124,999",2018,"2018",422,109,"San Francisco, CA","16000US0667000","san-francisco-ca",0.0031195712437627056
14,"$125,000 to $149,999",2018,"2018",74,48,"San Francisco, CA","16000US0667000","san-francisco-ca",0.0005470338199963039
15,"$150,000 to $174,999",2018,"2018",463,154,"San Francisco, CA","16000US0667000","san-francisco-ca",0.003422657549436333
16,"$175,000 to $199,999",2018,"2018",184,77,"San Francisco, CA","16000US0667000","san-francisco-ca",0.0013601922010718906
17,"$200,000 to $249,999",2018,"2018",735,192,"San Francisco, CA","16000US0667000","san-francisco-ca",0.0054333764553686935
18,"$250,000 to $299,999",2018,"2018",1039,215.00000000000003,"San Francisco, CA","16000US0667000","san-francisco-ca",0.00768065052670486
19,"$300,000 to $399,999",2018,"2018",2810,344,"San Francisco, CA","16000US0667000","san-francisco-ca",0.02077250046202181
20,"$400,000 to $499,999",2018,"2018",3920,469,"San Francisco, CA","16000US0667000","san-francisco-ca",0.028978007761966365
21,"$500,000 to $749,999",2018,"2018",22952,926,"San Francisco, CA","16000US0667000","san-francisco-ca",0.1696691923858806
22,"$750,000 to $999,999",2018,"2018",31690,1092,"San Francisco, CA","16000US0667000","san-francisco-ca",0.23426353723895768
23,"$1,000,000 to $1,499,999",2018,"2018",33944,1216,"San Francisco, CA","16000US0667000","san-francisco-ca",0.25092589170208834
24,"$1,500,000 to $1,999,999",2018,"2018",15817,816,"San Francisco, CA","16000US0667000","san-francisco-ca",0.11692478284975051
25,"$2,000,000 or More",2018,"2018",18807,846.9999999999999,"San Francisco, CA","16000US0667000","san-francisco-ca",0.13902790611716873
0,"Less Than $10,000",2017,"2017",1476974,13039,"United States","01000US","united-states",0.01947663115866171
1,"$10,000 to $14,999",2017,"2017",632158,6026,"United States","01000US","united-states",0.008336171252843496
2,"$15,000 to $19,999",2017,"2017",562022,5452,"United States","01000US","united-states",0.007411298504275209
3,"$20,000 to $24,999",2017,"2017",603519,5001,"United States","01000US","united-states",0.007958513122265089
4,"$25,000 to $29,999",2017,"2017",552538,4783,"United States","01000US","united-states",0.007286234440920846
5,"$30,000 to $34,999",2017,"2017",674950,6727,"United States","01000US","united-states",0.008900462838573138
6,"$35,000 to $39,999",2017,"2017",506636,4012.0000000000005,"United States","01000US","united-states",0.006680931758920424
7,"$40,000 to $49,999",2017,"2017",1314549,8040,"United States","01000US","united-states",0.017334757424969968
8,"$50,000 to $59,999",2017,"2017",1633945,10334,"United States","01000US","united-states",0.021546583825131322
9,"$60,000 to $69,999",2017,"2017",1907605,11773,"United States","01000US","united-states",0.02515529656000639
10,"$70,000 to $79,999",2017,"2017",2194410,14011,"United States","01000US","united-states",0.02893735040757579
11,"$80,000 to $89,999",2017,"2017",2572479,14896.000000000002,"United States","01000US","united-states",0.03392288872140127
12,"$90,000 to $99,999",2017,"2017",2231451,16188.000000000002,"United States","01000US","united-states",0.02942580443232368
13,"$100,000 to $124,999",2017,"2017",5826370,30685,"United States","01000US","united-states",0.07683145369105471
14,"$125,000 to $149,999",2017,"2017",5331518,33096,"United States","01000US","united-states",0.07030591574514228
15,"$150,000 to $174,999",2017,"2017",6499851,36251,"United States","01000US","united-states",0.08571254505039255
16,"$175,000 to $199,999",2017,"2017",4590736,27318,"United States","01000US","united-states",0.06053733635039617
17,"$200,000 to $249,999",2017,"2017",7895572,42441,"United States","01000US","united-states",0.10411770527487753
18,"$250,000 to $299,999",2017,"2017",6310465,33487,"United States","01000US","united-states",0.08321514071652188
19,"$300,000 to $399,999",2017,"2017",8377035,42632,"United States","01000US","united-states",0.1104666845172628
20,"$400,000 to $499,999",2017,"2017",4713899,24568,"United States","01000US","united-states",0.06216146807065276
21,"$500,000 to $749,999",2017,"2017",5308063,25682,"United States","01000US","united-states",0.06999661823291362
22,"$750,000 to $999,999",2017,"2017",2045639,12211,"United States","01000US","united-states",0.026975529892045214
23,"$1,000,000 to $1,499,999",2017,"2017",1106944,6170,"United States","01000US","united-states",0.01459710191329951
24,"$1,500,000 to $1,999,999",2017,"2017",398918,4093.0000000000005,"United States","01000US","united-states",0.005260470901011807
25,"$2,000,000 or More",2017,"2017",564889,4879,"United States","01000US","united-states",0.007449105196560844
0,"Less Than $10,000",2017,"2017",1611,291,"San Francisco, CA","16000US0667000","san-francisco-ca",0.012039278988431532
1,"$10,000 to $14,999",2017,"2017",82,59,"San Francisco, CA","16000US0667000","san-francisco-ca",0.0006128000478282964
2,"$15,000 to $19,999",2017,"2017",51,54.99999999999999,"San Francisco, CA","16000US0667000","san-francisco-ca",0.0003811317370639405
3,"$20,000 to $24,999",2017,"2017",39,39,"San Francisco, CA","16000US0667000","san-francisco-ca",0.00029145368128418976
4,"$25,000 to $29,999",2017,"2017",68,106.99999999999999,"San Francisco, CA","16000US0667000","san-francisco-ca",0.0005081756494185873
5,"$30,000 to $34,999",2017,"2017",38,32,"San Francisco, CA","16000US0667000","san-francisco-ca",0.00028398050996921055
6,"$35,000 to $39,999",2017,"2017",114,76,"San Francisco, CA","16000US0667000","san-francisco-ca",0.0008519415299076316
7,"$40,000 to $49,999",2017,"2017",85,51,"San Francisco, CA","16000US0667000","san-francisco-ca",0.0006352195617732341
8,"$50,000 to $59,999",2017,"2017",153,63.00000000000001,"San Francisco, CA","16000US0667000","san-francisco-ca",0.0011433952111918214
9,"$60,000 to $69,999",2017,"2017",115,59,"San Francisco, CA","16000US0667000","san-francisco-ca",0.0008594147012226109
10,"$70,000 to $79,999",2017,"2017",223,98,"San Francisco, CA","16000US0667000","san-francisco-ca",0.001666517203240367
11,"$80,000 to $89,999",2017,"2017",222,78,"San Francisco, CA","16000US0667000","san-francisco-ca",0.0016590440319253878
12,"$90,000 to $99,999",2017,"2017",110,57.99999999999999,"San Francisco, CA","16000US0667000","san-francisco-ca",0.0008220488446477148
13,"$100,000 to $124,999",2017,"2017",524,131,"San Francisco, CA","16000US0667000","san-francisco-ca",0.0039159417690491135
14,"$125,000 to $149,999",2017,"2017",102,54,"San Francisco, CA","16000US0667000","san-francisco-ca",0.000762263474127881
15,"$150,000 to $174,999",2017,"2017",490,164,"San Francisco, CA","16000US0667000","san-francisco-ca",0.00366185394433982
16,"$175,000 to $199,999",2017,"2017",187,81,"San Francisco, CA","16000US0667000","san-francisco-ca",0.001397483035901115
17,"$200,000 to $249,999",2017,"2017",891,198,"San Francisco, CA","16000US0667000","san-francisco-ca",0.006658595641646489
18,"$250,000 to $299,999",2017,"2017",983,196,"San Francisco, CA","16000US0667000","san-francisco-ca",0.007346127402624578
19,"$300,000 to $399,999",2017,"2017",3154,349,"San Francisco, CA","16000US0667000","san-francisco-ca",0.023570382327444475
20,"$400,000 to $499,999",2017,"2017",5256,562,"San Francisco, CA","16000US0667000","san-francisco-ca",0.039278988431530805
21,"$500,000 to $749,999",2017,"2017",28967,983,"San Francisco, CA","16000US0667000","san-francisco-ca",0.2164753534810032
22,"$750,000 to $999,999",2017,"2017",33037,1127,"San Francisco, CA","16000US0667000","san-francisco-ca",0.24689116073296866
23,"$1,000,000 to $1,499,999",2017,"2017",29495,1017.9999999999999,"San Francisco, CA","16000US0667000","san-francisco-ca",0.22042118793531223
24,"$1,500,000 to $1,999,999",2017,"2017",12403,690,"San Francisco, CA","16000US0667000","san-francisco-ca",0.09268974381968732
25,"$2,000,000 or More",2017,"2017",15412,768,"San Francisco, CA","16000US0667000","san-francisco-ca",0.11517651630645981
0,"Less Than $10,000",2016,"2016",1463996,13329,"United States","01000US","united-states",0.019550949780791055
1,"$10,000 to $14,999",2016,"2016",672264,6070,"United States","01000US","united-states",0.008977756567254089
2,"$15,000 to $19,999",2016,"2016",598938,6308,"United States","01000US","united-states",0.007998523739004363
3,"$20,000 to $24,999",2016,"2016",632979,5277,"United States","01000US","united-states",0.008453124626908367
4,"$25,000 to $29,999",2016,"2016",576582,5203,"United States","01000US","united-states",0.007699970304910715
5,"$30,000 to $34,999",2016,"2016",711866,6083,"United States","01000US","united-states",0.009506621887390815
6,"$35,000 to $39,999",2016,"2016",529927,5578,"United States","01000US","united-states",0.0070769156230517435
7,"$40,000 to $49,999",2016,"2016",1376361,8418,"United States","01000US","united-states",0.018380627263489352
8,"$50,000 to $59,999",2016,"2016",1707922,10902,"United States","01000US","united-states",0.02280846208016157
9,"$60,000 to $69,999",2016,"2016",1994300,12678,"United States","01000US","united-states",0.026632900054256704
10,"$70,000 to $79,999",2016,"2016",2290767,13071,"United States","01000US","united-states",0.030592071683592976
11,"$80,000 to $89,999",2016,"2016",2699481,17439,"United States","01000US","united-states",0.03605024703974575
12,"$90,000 to $99,999",2016,"2016",2354130,17406,"United States","01000US","united-states",0.031438253524909664
13,"$100,000 to $124,999",2016,"2016",6056463,31814,"United States","01000US","united-states",0.0808810980099803
14,"$125,000 to $149,999",2016,"2016",5433927,31625,"United States","01000US","united-states",0.0725674345349882
15,"$150,000 to $174,999",2016,"2016",6570071,35202,"United States","01000US","united-states",0.08774008137811282
16,"$175,000 to $199,999",2016,"2016",4568510,26153,"United States","01000US","united-states",0.06101021422397448
17,"$200,000 to $249,999",2016,"2016",7745477,40356,"United States","01000US","united-states",0.10343705300784439
18,"$250,000 to $299,999",2016,"2016",6066474,34291,"United States","01000US","united-states",0.08101479001341166
19,"$300,000 to $399,999",2016,"2016",7929212,42763,"United States","01000US","united-states",0.10589074397282902
20,"$400,000 to $499,999",2016,"2016",4355190,23893,"United States","01000US","united-states",0.058161430069346765
21,"$500,000 to $749,999",2016,"2016",4872014,24657,"United States","01000US","united-states",0.06506336154286688
22,"$750,000 to $999,999",2016,"2016",1839171,10716,"United States","01000US","united-states",0.024561228213251445
23,"$1,000,000 to $1,499,999",2016,"2016",985866,6897.999999999999,"United States","01000US","united-states",0.013165757731981066
24,"$1,500,000 to $1,999,999",2016,"2016",348313,3499,"United States","01000US","united-states",0.00465154957458673
25,"$2,000,000 or More",2016,"2016",500867,3882,"United States","01000US","united-states",0.0066888335513590694
0,"Less Than $10,000",2016,"2016",1374,257,"San Francisco, CA","16000US0667000","san-francisco-ca",0.010462114809146356
1,"$10,000 to $14,999",2016,"2016",59,50,"San Francisco, CA","16000US0667000","san-francisco-ca",0.00044924656021807493
2,"$15,000 to $19,999",2016,"2016",46,52,"San Francisco, CA","16000US0667000","san-francisco-ca",0.000350260030000533
3,"$20,000 to $24,999",2016,"2016",37,32,"San Francisco, CA","16000US0667000","san-francisco-ca",0.0002817308936960809
4,"$25,000 to $29,999",2016,"2016",7,10,"San Francisco, CA","16000US0667000","san-francisco-ca",0.0000533004393479072
5,"$30,000 to $34,999",2016,"2016",64,32,"San Francisco, CA","16000US0667000","san-francisco-ca",0.0004873183026094372
6,"$35,000 to $39,999",2016,"2016",88,52,"San Francisco, CA","16000US0667000","san-francisco-ca",0.0006700626660879761
7,"$40,000 to $49,999",2016,"2016",212,86,"San Francisco, CA","16000US0667000","san-francisco-ca",0.0016142418773937607
8,"$50,000 to $59,999",2016,"2016",195,75,"San Francisco, CA","16000US0667000","san-francisco-ca",0.001484797953263129
9,"$60,000 to $69,999",2016,"2016",191,68,"San Francisco, CA","16000US0667000","san-francisco-ca",0.0014543405593500393
10,"$70,000 to $79,999",2016,"2016",271,103,"San Francisco, CA","16000US0667000","san-francisco-ca",0.0020634884376118357
11,"$80,000 to $89,999",2016,"2016",247,100,"San Francisco, CA","16000US0667000","san-francisco-ca",0.0018807440741332969
12,"$90,000 to $99,999",2016,"2016",144,70,"San Francisco, CA","16000US0667000","san-francisco-ca",0.0010964661808712337
13,"$100,000 to $124,999",2016,"2016",486,123.00000000000001,"San Francisco, CA","16000US0667000","san-francisco-ca",0.003700573360440414
14,"$125,000 to $149,999",2016,"2016",122,61,"San Francisco, CA","16000US0667000","san-francisco-ca",0.0009289505143492397
15,"$150,000 to $174,999",2016,"2016",440,143,"San Francisco, CA","16000US0667000","san-francisco-ca",0.003350313330439881
16,"$175,000 to $199,999",2016,"2016",288,109,"San Francisco, CA","16000US0667000","san-francisco-ca",0.0021929323617424674
17,"$200,000 to $249,999",2016,"2016",1060,212,"San Francisco, CA","16000US0667000","san-francisco-ca",0.008071209386968804
18,"$250,000 to $299,999",2016,"2016",1081,211,"San Francisco, CA","16000US0667000","san-francisco-ca",0.008231110705012526
19,"$300,000 to $399,999",2016,"2016",3967,346,"San Francisco, CA","16000US0667000","san-francisco-ca",0.030206120413306836
20,"$400,000 to $499,999",2016,"2016",6975,522,"San Francisco, CA","16000US0667000","san-francisco-ca",0.05311008063595039
21,"$500,000 to $749,999",2016,"2016",34027,1243,"San Francisco, CA","16000US0667000","san-francisco-ca",0.2590934356701769
22,"$750,000 to $999,999",2016,"2016",32830,1003.0000000000001,"San Francisco, CA","16000US0667000","san-francisco-ca",0.24997906054168476
23,"$1,000,000 to $1,499,999",2016,"2016",25158,1075,"San Francisco, CA","16000US0667000","san-francisco-ca",0.19156177901637847
24,"$1,500,000 to $1,999,999",2016,"2016",9503,566,"San Francisco, CA","16000US0667000","san-francisco-ca",0.07235915358902316
25,"$2,000,000 or More",2016,"2016",12459,721,"San Francisco, CA","16000US0667000","san-francisco-ca",0.09486716769079653
0,"Less Than $10,000",2015,"2015",1460217,13521.000000000002,"United States","01000US","united-states",0.019544587501907823
1,"$10,000 to $14,999",2015,"2015",705869,6388,"United States","01000US","united-states",0.009447854966340053
2,"$15,000 to $19,999",2015,"2015",629841,6142,"United States","01000US","united-states",0.008430241900203275
3,"$20,000 to $24,999",2015,"2015",659945,5495,"United States","01000US","united-states",0.008833175342395383
4,"$25,000 to $29,999",2015,"2015",601605,5044,"United States","01000US","united-states",0.008052311104503822
5,"$30,000 to $34,999",2015,"2015",739249,6718,"United States","01000US","united-states",0.009894636732895081
6,"$35,000 to $39,999",2015,"2015",546091,4633,"United States","01000US","united-states",0.007309272069496757
7,"$40,000 to $49,999",2015,"2015",1425946,9632,"United States","01000US","united-states",0.019085879954825517
8,"$50,000 to $59,999",2015,"2015",1769877,10010,"United States","01000US","united-states",0.023689298161926695
9,"$60,000 to $69,999",2015,"2015",2055529,12868,"United States","01000US","united-states",0.0275126685987145
10,"$70,000 to $79,999",2015,"2015",2374297,14562.000000000002,"United States","01000US","united-states",0.031779287237456655
11,"$80,000 to $89,999",2015,"2015",2794942,18284,"United States","01000US","united-states",0.037409500424770606
12,"$90,000 to $99,999",2015,"2015",2466857,16511,"United States","01000US","united-states",0.0330181764019963
13,"$100,000 to $124,999",2015,"2015",6275735,30900.999999999996,"United States","01000US","united-states",0.0839989206030922
14,"$125,000 to $149,999",2015,"2015",5528331,30159,"United States","01000US","united-states",0.07399513152429371
15,"$150,000 to $174,999",2015,"2015",6659967,36221,"United States","01000US","united-states",0.08914175618508656
16,"$175,000 to $199,999",2015,"2015",4584396,27035,"United States","01000US","united-states",0.0613608311404375
17,"$200,000 to $249,999",2015,"2015",7692487,42316,"United States","01000US","united-states",0.10296174149375635
18,"$250,000 to $299,999",2015,"2015",5945177,33560,"United States","01000US","united-states",0.07957449618161537
19,"$300,000 to $399,999",2015,"2015",7674805,38859,"United States","01000US","united-states",0.1027250729737975
20,"$400,000 to $499,999",2015,"2015",4148191,20530,"United States","01000US","united-states",0.055522351797114074
21,"$500,000 to $749,999",2015,"2015",4602188,21821,"United States","01000US","united-states",0.06159897197897995
22,"$750,000 to $999,999",2015,"2015",1700050,10155,"United States","01000US","united-states",0.022754683709762587
23,"$1,000,000 to $1,499,999",2015,"2015",910854,6270,"United States","01000US","united-states",0.012191520646905733
24,"$1,500,000 to $1,999,999",2015,"2015",313903,3613,"United States","01000US","united-states",0.004201502003203203
25,"$2,000,000 or More",2015,"2015",445742,3947,"United States","01000US","united-states",0.005966129364522805
0,"Less Than $10,000",2015,"2015",1254,227.00000000000003,"San Francisco, CA","16000US0667000","san-francisco-ca",0.009743741161478811
1,"$10,000 to $14,999",2015,"2015",74,56,"San Francisco, CA","16000US0667000","san-francisco-ca",0.0005749895103265008
2,"$15,000 to $19,999",2015,"2015",29,30.000000000000004,"San Francisco, CA","16000US0667000","san-francisco-ca",0.0002253337270198449
3,"$20,000 to $24,999",2015,"2015",23,26,"San Francisco, CA","16000US0667000","san-francisco-ca",0.0001787129559122908
4,"$25,000 to $29,999",2015,"2015",12,14,"San Francisco, CA","16000US0667000","san-francisco-ca",0.00009324154221510823
5,"$30,000 to $34,999",2015,"2015",84,39,"San Francisco, CA","16000US0667000","san-francisco-ca",0.0006526907955057577
6,"$35,000 to $39,999",2015,"2015",85,59,"San Francisco, CA","16000US0667000","san-francisco-ca",0.0006604609240236834
7,"$40,000 to $49,999",2015,"2015",215,79,"San Francisco, CA","16000US0667000","san-francisco-ca",0.0016705776313540226
8,"$50,000 to $59,999",2015,"2015",202,83,"San Francisco, CA","16000US0667000","san-francisco-ca",0.0015695659606209888
9,"$60,000 to $69,999",2015,"2015",227,83,"San Francisco, CA","16000US0667000","san-francisco-ca",0.0017638191735691309
10,"$70,000 to $79,999",2015,"2015",314,112.99999999999999,"San Francisco, CA","16000US0667000","san-francisco-ca",0.0024398203546286655
11,"$80,000 to $89,999",2015,"2015",296,127,"San Francisco, CA","16000US0667000","san-francisco-ca",0.0022999580413060033
12,"$90,000 to $99,999",2015,"2015",224,92,"San Francisco, CA","16000US0667000","san-francisco-ca",0.0017405087880153537
13,"$100,000 to $124,999",2015,"2015",486,127,"San Francisco, CA","16000US0667000","san-francisco-ca",0.0037762824597118837
14,"$125,000 to $149,999",2015,"2015",172,106,"San Francisco, CA","16000US0667000","san-francisco-ca",0.001336462105083218
15,"$150,000 to $174,999",2015,"2015",444,120.00000000000001,"San Francisco, CA","16000US0667000","san-francisco-ca",0.003449937061959005
16,"$175,000 to $199,999",2015,"2015",337,121,"San Francisco, CA","16000US0667000","san-francisco-ca",0.0026185333105409564
17,"$200,000 to $249,999",2015,"2015",1331,202,"San Francisco, CA","16000US0667000","san-francisco-ca",0.01034204105735909
18,"$250,000 to $299,999",2015,"2015",1174,201,"San Francisco, CA","16000US0667000","san-francisco-ca",0.009122130880044757
19,"$300,000 to $399,999",2015,"2015",4795,445,"San Francisco, CA","16000US0667000","san-francisco-ca",0.037257766243453665
20,"$400,000 to $499,999",2015,"2015",8584,532,"San Francisco, CA","16000US0667000","san-francisco-ca",0.06669878319787409
21,"$500,000 to $749,999",2015,"2015",37648,1080,"San Francisco, CA","16000US0667000","san-francisco-ca",0.29252979844286625
22,"$750,000 to $999,999",2015,"2015",31949,967,"San Francisco, CA","16000US0667000","san-francisco-ca",0.24824783601920775
23,"$1,000,000 to $1,499,999",2015,"2015",20788,842,"San Francisco, CA","16000US0667000","san-francisco-ca",0.16152543163063918
24,"$1,500,000 to $1,999,999",2015,"2015",7797,584,"San Francisco, CA","16000US0667000","san-francisco-ca",0.06058369205426658
25,"$2,000,000 or More",2015,"2015",10154,662,"San Francisco, CA","16000US0667000","san-francisco-ca",0.07889788497101742